{"cameraMode":{"drawMode":0,"name":"Shaded","section":"Shading Mode"},"sceneLighting":true,"audioPlay":false,"sceneViewState":{"m_AlwaysRefresh":false,"showFog":true,"showSkybox":true,"showFlares":true,"showImageEffects":true,"showParticleSystems":true,"showVisualEffectGraphs":true,"m_FxEnabled":true},"in2DMode":false,"pivot":{"x":417.7320556640625,"y":261.26446533203127,"z":-490.4808349609375},"rotation":{"x":-0.004531728103756905,"y":-0.9920644164085388,"z":0.037528134882450107,"w":-0.11988607794046402},"size":915.7615966796875,"orthographic":false}